epoch,time,train/box_loss,train/cls_loss,train/dfl_loss,metrics/precision(B),metrics/recall(B),metrics/mAP50(B),metrics/mAP50-95(B),val/box_loss,val/cls_loss,val/dfl_loss,lr/pg0,lr/pg1,lr/pg2
1,683.803,2.24978,0.9838,2.52672,0.73151,0.61549,0.70548,0.49854,0.96179,0.4293,1.13708,0.00950511,4.99893e-06,4.99893e-06
2,1282.47,2.04416,0.52649,2.36872,0.81126,0.7036,0.81047,0.57506,0.89863,0.31307,1.09943,0.00901011,9.99865e-06,9.99865e-06
3,1866.35,1.97121,0.46056,2.35557,0.7961,0.71696,0.81052,0.59949,0.86791,0.23634,1.05829,0.0085151,1.49973e-05,1.49973e-05
4,2440.71,1.86275,0.41358,2.23486,0.8635,0.73565,0.84526,0.60179,0.88611,0.24163,1.06631,0.0080201,1.9994e-05,1.9994e-05
5,3008.19,1.85307,0.39655,2.24169,0.87799,0.79973,0.88819,0.67264,0.77862,0.22753,1.02726,0.0075251,2.4988e-05,2.4988e-05
6,3573.15,1.80023,0.38191,2.21725,0.86687,0.78371,0.88359,0.67218,0.75673,0.20273,1.00782,0.00703009,2.99784e-05,2.99784e-05
7,4132.05,1.72424,0.36269,2.12709,0.88449,0.80107,0.90223,0.67295,0.80327,0.19617,1.02743,0.00653507,3.49644e-05,3.49644e-05
8,4696.79,1.74337,0.34449,2.15564,0.90718,0.83178,0.92214,0.68759,0.81514,0.18894,1.03513,0.00604005,3.99452e-05,3.99452e-05
9,5250.97,1.72244,0.34148,2.13206,0.89769,0.8552,0.93037,0.68534,0.82312,0.17991,1.03875,0.00554503,4.492e-05,4.492e-05
10,5803.21,1.70034,0.32806,2.12863,0.90415,0.85636,0.92989,0.71252,0.76518,0.1367,1.00588,0.00505,4.9888e-05,4.9888e-05
11,6353.8,1.63582,0.31132,2.06443,0.92815,0.82781,0.93083,0.70852,0.75816,0.16107,0.99598,0.00455496,5.48483e-05,5.48483e-05
12,6903.26,1.66432,0.31686,2.12404,0.9385,0.86248,0.94099,0.70988,0.76198,0.15157,0.99921,0.00405991,5.98001e-05,5.98001e-05
13,7455.04,1.66578,0.31492,2.10085,0.9382,0.86515,0.94307,0.72844,0.72722,0.14281,0.9927,0.00356485,6.47427e-05,6.47427e-05
14,8003.47,1.68138,0.30993,2.12519,0.9452,0.86248,0.94583,0.74519,0.695,0.12709,0.98143,0.00306978,6.96751e-05,6.96751e-05
15,8551.11,1.63747,0.29618,2.08762,0.93471,0.87049,0.94626,0.7552,0.64957,0.12585,0.96485,0.0025747,7.45967e-05,7.45967e-05
16,9096.48,1.61265,0.29123,2.05654,0.94562,0.85903,0.94854,0.76513,0.64808,0.11672,0.96235,0.00207961,7.95065e-05,7.95065e-05
17,9643.38,1.59889,0.29102,2.07441,0.9572,0.86596,0.95622,0.77831,0.6302,0.11162,0.95842,0.00158451,8.44038e-05,8.44038e-05
18,10188.5,1.59631,0.28317,2.06241,0.90527,0.91055,0.95302,0.77375,0.6368,0.11257,0.95781,0.0010894,8.92878e-05,8.92878e-05
19,10734,1.60613,0.28793,2.06399,0.95127,0.88652,0.96175,0.79037,0.60488,0.12183,0.94428,0.000594265,9.41577e-05,9.41577e-05
20,11279.6,1.59351,0.27941,2.06552,0.9496,0.88251,0.96044,0.79793,0.59329,0.10594,0.93931,9.912e-05,9.90126e-05,9.90126e-05
21,11823.3,1.6208,0.28186,2.0973,0.95294,0.88652,0.96973,0.80774,0.57715,0.10517,0.93862,9.89075e-05,9.89075e-05,9.89075e-05
22,12370.4,1.59344,0.28003,2.07424,0.96271,0.89453,0.96956,0.81057,0.57256,0.10139,0.93525,9.8796e-05,9.8796e-05,9.8796e-05
23,12917.8,1.57364,0.26727,2.0535,0.95471,0.9012,0.97035,0.80996,0.57194,0.10158,0.93635,9.86791e-05,9.86791e-05,9.86791e-05
24,13466.6,1.56339,0.27075,2.05513,0.96328,0.90387,0.97371,0.81243,0.56614,0.09455,0.93447,9.85569e-05,9.85569e-05,9.85569e-05
25,14014.9,1.57573,0.26581,2.04473,0.9488,0.91541,0.97202,0.81547,0.55751,0.10093,0.93099,9.84293e-05,9.84293e-05,9.84293e-05
26,14562,1.52688,0.26413,2.02534,0.9511,0.91856,0.97438,0.82038,0.54378,0.10013,0.92508,9.82965e-05,9.82965e-05,9.82965e-05
27,15109.6,1.55823,0.25867,2.06627,0.94824,0.91722,0.97502,0.82422,0.54086,0.09704,0.92643,9.81583e-05,9.81583e-05,9.81583e-05
28,15658.4,1.52628,0.25973,2.04278,0.96608,0.9127,0.97387,0.82021,0.54587,0.09355,0.92948,9.80149e-05,9.80149e-05,9.80149e-05
29,16209.2,1.51747,0.25832,2.00089,0.95924,0.9279,0.97417,0.82178,0.53973,0.08903,0.92595,9.78662e-05,9.78662e-05,9.78662e-05
30,16762,1.51785,0.25562,2.01764,0.95996,0.92826,0.97573,0.82463,0.53558,0.08847,0.92539,9.77122e-05,9.77122e-05,9.77122e-05
31,17313.2,1.5036,0.25083,2.01577,0.9662,0.92523,0.97654,0.82497,0.53827,0.08446,0.92548,9.75531e-05,9.75531e-05,9.75531e-05
32,17863.6,1.51673,0.25655,2.0354,0.96255,0.92649,0.97741,0.82573,0.53855,0.0838,0.92578,9.73887e-05,9.73887e-05,9.73887e-05
33,18416.4,1.48309,0.2486,1.99026,0.9592,0.9279,0.97825,0.82799,0.53736,0.08206,0.92432,9.72191e-05,9.72191e-05,9.72191e-05
34,18969.1,1.50195,0.24819,2.03589,0.9501,0.94061,0.97802,0.82486,0.54275,0.08205,0.92778,9.70443e-05,9.70443e-05,9.70443e-05
35,19521.3,1.47265,0.24511,1.9864,0.9527,0.94127,0.97924,0.82796,0.54104,0.08232,0.9268,9.68644e-05,9.68644e-05,9.68644e-05
36,20075.4,1.48726,0.24246,2.0215,0.9665,0.93057,0.97989,0.82901,0.53634,0.08238,0.92514,9.66794e-05,9.66794e-05,9.66794e-05
37,20627.2,1.49144,0.2444,2.00074,0.9653,0.92859,0.97931,0.83086,0.52963,0.08168,0.92388,9.64892e-05,9.64892e-05,9.64892e-05
38,21181,1.48153,0.23663,2.00231,0.95802,0.93057,0.98051,0.83307,0.5261,0.08358,0.92265,9.62939e-05,9.62939e-05,9.62939e-05
39,21734.6,1.45531,0.23963,2.01123,0.96396,0.92924,0.98032,0.83561,0.52595,0.08306,0.92161,9.60935e-05,9.60935e-05,9.60935e-05
40,22290.1,1.42842,0.22655,1.97596,0.96217,0.92924,0.97977,0.83463,0.52536,0.08385,0.92066,9.58881e-05,9.58881e-05,9.58881e-05
41,22844.4,1.43319,0.22469,1.97389,0.96618,0.92924,0.98126,0.83735,0.52065,0.08238,0.91888,9.56777e-05,9.56777e-05,9.56777e-05
42,23398.4,1.4375,0.22507,1.95195,0.94918,0.94763,0.9818,0.83843,0.5171,0.08131,0.91789,9.54623e-05,9.54623e-05,9.54623e-05
43,23950.5,1.42057,0.23024,1.96849,0.95178,0.94874,0.98162,0.84043,0.51335,0.0789,0.917,9.52418e-05,9.52418e-05,9.52418e-05
44,24502.9,1.42035,0.2256,1.96135,0.94951,0.95461,0.98182,0.84255,0.51287,0.07778,0.91687,9.50164e-05,9.50164e-05,9.50164e-05
45,25055.5,1.46321,0.22959,2.01188,0.9617,0.94259,0.98228,0.84409,0.51001,0.0759,0.91558,9.47861e-05,9.47861e-05,9.47861e-05
46,25608.2,1.41965,0.22776,1.93559,0.96506,0.94259,0.98289,0.84408,0.50769,0.07503,0.91471,9.45509e-05,9.45509e-05,9.45509e-05
47,26159.5,1.42696,0.21973,1.9656,0.96496,0.94259,0.98296,0.84646,0.50434,0.07407,0.91342,9.43107e-05,9.43107e-05,9.43107e-05
48,26711.9,1.44232,0.23052,1.99541,0.96713,0.94281,0.98313,0.84806,0.50196,0.07301,0.91328,9.40658e-05,9.40658e-05,9.40658e-05
49,27264.3,1.41825,0.22307,1.9413,0.97161,0.93992,0.98347,0.84849,0.50001,0.07335,0.91281,9.3816e-05,9.3816e-05,9.3816e-05
50,27817.9,1.41756,0.22358,1.95122,0.96831,0.93819,0.9834,0.84807,0.49843,0.07369,0.91271,9.35613e-05,9.35613e-05,9.35613e-05
51,28372.7,1.42842,0.22341,1.98433,0.96972,0.94078,0.98378,0.84879,0.49724,0.07365,0.91301,9.33019e-05,9.33019e-05,9.33019e-05
52,28923.9,1.42454,0.21852,1.96868,0.96575,0.94127,0.98381,0.84888,0.49631,0.07324,0.91257,9.30378e-05,9.30378e-05,9.30378e-05
53,29477.6,1.40581,0.21586,1.94863,0.9664,0.94526,0.98314,0.84864,0.49448,0.07227,0.91207,9.27689e-05,9.27689e-05,9.27689e-05
54,30028.6,1.42357,0.22533,1.96269,0.96333,0.94712,0.98225,0.85015,0.49238,0.0717,0.91187,9.24954e-05,9.24954e-05,9.24954e-05
55,30580.5,1.4335,0.22682,1.97014,0.96541,0.94393,0.98225,0.85051,0.49017,0.07057,0.91076,9.22172e-05,9.22172e-05,9.22172e-05
56,31132.8,1.42079,0.21923,1.97206,0.96285,0.94393,0.9823,0.85155,0.48873,0.06939,0.90999,9.19343e-05,9.19343e-05,9.19343e-05
57,31685.4,1.41407,0.21761,1.97614,0.96196,0.94544,0.98231,0.85302,0.48665,0.06854,0.90899,9.16469e-05,9.16469e-05,9.16469e-05
58,32237.5,1.40047,0.21998,1.94635,0.9609,0.95152,0.98227,0.85255,0.48524,0.06805,0.90893,9.13549e-05,9.13549e-05,9.13549e-05
59,32790.2,1.39571,0.21389,1.95408,0.96347,0.95067,0.98299,0.85338,0.48453,0.06806,0.90866,9.10584e-05,9.10584e-05,9.10584e-05
60,33342.5,1.40765,0.21649,1.95144,0.96726,0.94652,0.983,0.85476,0.4832,0.068,0.90802,9.07573e-05,9.07573e-05,9.07573e-05
61,33891.7,1.35569,0.21139,1.89945,0.96785,0.9466,0.98302,0.85465,0.48288,0.06732,0.90775,9.04518e-05,9.04518e-05,9.04518e-05
62,34443.8,1.39762,0.20816,1.9395,0.97258,0.94716,0.9822,0.85469,0.48192,0.06658,0.90684,9.01419e-05,9.01419e-05,9.01419e-05
63,34994.3,1.38081,0.20959,1.9267,0.97265,0.94953,0.9822,0.85534,0.48115,0.06595,0.9063,8.98275e-05,8.98275e-05,8.98275e-05
64,35547.5,1.38312,0.20745,1.9315,0.97125,0.94707,0.98215,0.85365,0.48117,0.06568,0.90652,8.95088e-05,8.95088e-05,8.95088e-05
65,36098.4,1.3514,0.20765,1.90741,0.96971,0.94793,0.98159,0.85358,0.48105,0.06555,0.90635,8.91858e-05,8.91858e-05,8.91858e-05
66,36652.9,1.38829,0.20731,1.96713,0.96792,0.9506,0.98206,0.85416,0.48085,0.06557,0.90632,8.88584e-05,8.88584e-05,8.88584e-05
67,37206.3,1.3727,0.21266,1.91712,0.9692,0.94927,0.98212,0.85418,0.48062,0.06578,0.90596,8.85268e-05,8.85268e-05,8.85268e-05
68,37758.1,1.38764,0.20822,1.95601,0.96762,0.95194,0.98215,0.85484,0.48076,0.06598,0.90579,8.8191e-05,8.8191e-05,8.8191e-05
69,38309.7,1.33554,0.19769,1.91178,0.96695,0.95594,0.98201,0.85364,0.48072,0.06593,0.90572,8.7851e-05,8.7851e-05,8.7851e-05
70,38863.6,1.35038,0.2047,1.92634,0.96625,0.95561,0.98197,0.85426,0.48023,0.06577,0.90521,8.75068e-05,8.75068e-05,8.75068e-05
71,39416.7,1.36162,0.19992,1.92324,0.95779,0.95861,0.98211,0.85533,0.47955,0.06539,0.90457,8.71585e-05,8.71585e-05,8.71585e-05
72,39972.4,1.38838,0.20767,1.94147,0.95751,0.95861,0.98212,0.85425,0.47894,0.065,0.90419,8.68062e-05,8.68062e-05,8.68062e-05
73,40529.6,1.33128,0.19961,1.89568,0.96116,0.95805,0.98208,0.85492,0.47837,0.06501,0.90418,8.64498e-05,8.64498e-05,8.64498e-05
74,41083.8,1.33168,0.20131,1.91163,0.95919,0.95861,0.98224,0.85598,0.47775,0.06484,0.90408,8.60894e-05,8.60894e-05,8.60894e-05
75,41637.1,1.33668,0.20438,1.91638,0.95983,0.95861,0.9822,0.85501,0.47736,0.06468,0.90379,8.57251e-05,8.57251e-05,8.57251e-05
76,42190.1,1.34562,0.201,1.90273,0.95992,0.95916,0.98312,0.85624,0.47682,0.06439,0.90337,8.53568e-05,8.53568e-05,8.53568e-05
77,42745.4,1.3328,0.19672,1.90998,0.96256,0.96118,0.98355,0.85581,0.47672,0.06404,0.90331,8.49847e-05,8.49847e-05,8.49847e-05
78,43298,1.33331,0.20062,1.88882,0.96439,0.95594,0.98359,0.85551,0.47669,0.0637,0.90341,8.46087e-05,8.46087e-05,8.46087e-05
79,43849.9,1.3443,0.20166,1.92459,0.96381,0.95997,0.98364,0.85644,0.47637,0.06298,0.90357,8.42289e-05,8.42289e-05,8.42289e-05
80,44401.3,1.33496,0.19873,1.8993,0.96386,0.96262,0.98371,0.85784,0.47572,0.06254,0.90341,8.38454e-05,8.38454e-05,8.38454e-05
81,44955,1.32756,0.19496,1.90458,0.96207,0.96128,0.98364,0.85764,0.47529,0.06212,0.90323,8.34582e-05,8.34582e-05,8.34582e-05
82,45507.1,1.312,0.19698,1.89652,0.96377,0.95995,0.98376,0.85839,0.47455,0.06183,0.90288,8.30673e-05,8.30673e-05,8.30673e-05
83,46057.4,1.3117,0.19487,1.88364,0.96506,0.95995,0.9837,0.85947,0.474,0.06162,0.90264,8.26728e-05,8.26728e-05,8.26728e-05
84,46611.9,1.32968,0.19505,1.91462,0.96704,0.95995,0.98379,0.86029,0.47369,0.06132,0.9027,8.22747e-05,8.22747e-05,8.22747e-05
85,47167,1.36671,0.20159,1.92665,0.96381,0.9601,0.98368,0.85938,0.47344,0.06109,0.90264,8.1873e-05,8.1873e-05,8.1873e-05
86,47717.9,1.33636,0.19642,1.90136,0.96502,0.95995,0.98383,0.86071,0.47267,0.06081,0.90233,8.14679e-05,8.14679e-05,8.14679e-05
87,48269.3,1.31501,0.19544,1.90291,0.96619,0.96128,0.98391,0.86059,0.47182,0.06046,0.90177,8.10593e-05,8.10593e-05,8.10593e-05
88,48822.8,1.33862,0.19337,1.92337,0.9664,0.95997,0.98398,0.86071,0.47123,0.06016,0.90152,8.06473e-05,8.06473e-05,8.06473e-05
89,49374.8,1.29216,0.18748,1.89613,0.968,0.96128,0.98413,0.86085,0.47076,0.05982,0.9015,8.02319e-05,8.02319e-05,8.02319e-05
90,49923,1.34339,0.1973,1.93096,0.96692,0.96128,0.98416,0.86047,0.47036,0.05975,0.90152,7.98133e-05,7.98133e-05,7.98133e-05
91,50478.8,1.31189,0.18661,1.89841,0.96833,0.96128,0.98424,0.86083,0.46986,0.05944,0.90134,7.93913e-05,7.93913e-05,7.93913e-05
92,51023.7,1.27939,0.18247,1.86282,0.96747,0.96128,0.98426,0.86103,0.46893,0.05917,0.90123,7.89662e-05,7.89662e-05,7.89662e-05
93,51567.8,1.30859,0.19196,1.88642,0.96861,0.96128,0.98436,0.8611,0.46832,0.05877,0.90128,7.85378e-05,7.85378e-05,7.85378e-05
94,52117.6,1.31473,0.19156,1.89554,0.96797,0.96128,0.98444,0.86093,0.4679,0.0586,0.90128,7.81064e-05,7.81064e-05,7.81064e-05
95,52673,1.33307,0.19512,1.90645,0.96883,0.96128,0.98456,0.86091,0.46744,0.0582,0.90119,7.76718e-05,7.76718e-05,7.76718e-05
96,53223.1,1.28835,0.18697,1.86329,0.96765,0.96128,0.98461,0.86036,0.46724,0.05794,0.9016,7.72342e-05,7.72342e-05,7.72342e-05
97,53773,1.27772,0.1825,1.86799,0.96844,0.96128,0.98424,0.86103,0.46664,0.05786,0.9016,7.67937e-05,7.67937e-05,7.67937e-05
98,54324.4,1.30736,0.19332,1.90835,0.9689,0.96128,0.9847,0.8614,0.46662,0.05778,0.90208,7.63502e-05,7.63502e-05,7.63502e-05
99,54874.6,1.2691,0.18693,1.86174,0.97036,0.96146,0.98482,0.86214,0.46618,0.0576,0.9021,7.59038e-05,7.59038e-05,7.59038e-05
100,55427.1,1.2763,0.18345,1.88938,0.97052,0.96128,0.98489,0.86241,0.46589,0.0575,0.90211,7.54545e-05,7.54545e-05,7.54545e-05
101,55977.5,1.29094,0.18764,1.85206,0.97396,0.96128,0.98498,0.86256,0.46529,0.0573,0.9019,7.50025e-05,7.50025e-05,7.50025e-05
102,56527.5,1.30874,0.19271,1.87528,0.97261,0.96262,0.98523,0.86198,0.46497,0.0569,0.90184,7.45477e-05,7.45477e-05,7.45477e-05
103,57078.7,1.2763,0.18416,1.87472,0.97429,0.96144,0.98528,0.86233,0.46454,0.05658,0.90173,7.40903e-05,7.40903e-05,7.40903e-05
104,57634.9,1.27952,0.18512,1.8577,0.97096,0.96395,0.98538,0.86235,0.46441,0.05651,0.90182,7.36302e-05,7.36302e-05,7.36302e-05
105,58187.2,1.27518,0.17795,1.87156,0.97069,0.96395,0.98542,0.86215,0.46389,0.05636,0.90173,7.31675e-05,7.31675e-05,7.31675e-05
106,58738.8,1.30061,0.18837,1.91604,0.97177,0.96501,0.98546,0.86272,0.46378,0.05622,0.90168,7.27023e-05,7.27023e-05,7.27023e-05
107,59290.6,1.25132,0.18254,1.86095,0.97076,0.96395,0.98556,0.8628,0.46321,0.05615,0.90134,7.22345e-05,7.22345e-05,7.22345e-05
108,59843.1,1.27478,0.18908,1.87315,0.97176,0.96496,0.98551,0.862,0.46289,0.05599,0.90142,7.17644e-05,7.17644e-05,7.17644e-05
109,60394.8,1.26289,0.17902,1.86626,0.97046,0.965,0.98547,0.86292,0.46257,0.05574,0.90125,7.12918e-05,7.12918e-05,7.12918e-05
110,60948.3,1.27299,0.17761,1.87684,0.96663,0.96691,0.98552,0.86342,0.46224,0.0557,0.90123,7.0817e-05,7.0817e-05,7.0817e-05
111,61501.7,1.27612,0.18063,1.89156,0.96889,0.96662,0.98553,0.86443,0.46182,0.05562,0.90077,7.03398e-05,7.03398e-05,7.03398e-05
112,62054,1.25001,0.18275,1.88154,0.96964,0.96662,0.98556,0.86494,0.46126,0.0556,0.90071,6.98604e-05,6.98604e-05,6.98604e-05
113,62605.8,1.26534,0.17568,1.88091,0.97196,0.96529,0.98559,0.86458,0.46099,0.05534,0.9005,6.93788e-05,6.93788e-05,6.93788e-05
114,63159.3,1.27039,0.18075,1.88263,0.97304,0.96529,0.98567,0.86445,0.46047,0.05515,0.90033,6.88952e-05,6.88952e-05,6.88952e-05
115,63712.4,1.26412,0.17979,1.87414,0.97307,0.96498,0.9857,0.86519,0.46022,0.05482,0.89992,6.84094e-05,6.84094e-05,6.84094e-05
116,64265,1.28718,0.18585,1.88584,0.97308,0.96539,0.98572,0.86474,0.45982,0.05461,0.89966,6.79216e-05,6.79216e-05,6.79216e-05
117,64816.1,1.23309,0.17415,1.83636,0.97284,0.96529,0.98576,0.86611,0.45977,0.05421,0.89957,6.74319e-05,6.74319e-05,6.74319e-05
118,65369.6,1.25788,0.17816,1.88265,0.97128,0.96796,0.98585,0.86616,0.45927,0.05385,0.89947,6.69402e-05,6.69402e-05,6.69402e-05
119,65920.5,1.24643,0.17959,1.85381,0.9706,0.96956,0.9859,0.86617,0.45886,0.05357,0.89933,6.64467e-05,6.64467e-05,6.64467e-05
120,66471.7,1.24361,0.17483,1.85399,0.97065,0.97147,0.98591,0.86661,0.45854,0.05327,0.89906,6.59514e-05,6.59514e-05,6.59514e-05
121,67026.4,1.22727,0.17285,1.84636,0.9714,0.97196,0.98595,0.86611,0.45833,0.05304,0.89895,6.54543e-05,6.54543e-05,6.54543e-05
122,67580.6,1.24638,0.17318,1.85775,0.9719,0.96985,0.98634,0.86696,0.45808,0.05284,0.89887,6.49555e-05,6.49555e-05,6.49555e-05
123,68130.1,1.21911,0.17314,1.83613,0.97321,0.97002,0.98637,0.8676,0.45776,0.05267,0.89847,6.44551e-05,6.44551e-05,6.44551e-05
124,68680.4,1.24275,0.17557,1.85909,0.97162,0.97063,0.98684,0.86753,0.45703,0.05249,0.89823,6.39532e-05,6.39532e-05,6.39532e-05
125,69231.6,1.2294,0.17479,1.8174,0.9722,0.97063,0.98688,0.86836,0.45682,0.0524,0.89813,6.34496e-05,6.34496e-05,6.34496e-05
126,69786.2,1.25551,0.17354,1.86949,0.97191,0.97025,0.98695,0.86886,0.45639,0.05213,0.89796,6.29447e-05,6.29447e-05,6.29447e-05
127,70337.8,1.20395,0.16908,1.83127,0.97065,0.97152,0.98704,0.86959,0.45574,0.05193,0.89764,6.24383e-05,6.24383e-05,6.24383e-05
128,70889.4,1.22472,0.17099,1.84021,0.97063,0.9707,0.98712,0.86945,0.45553,0.05169,0.8975,6.19305e-05,6.19305e-05,6.19305e-05
129,71440.6,1.19106,0.16984,1.81524,0.97063,0.97081,0.98717,0.86911,0.45513,0.05144,0.89724,6.14214e-05,6.14214e-05,6.14214e-05
130,71992.1,1.22639,0.17049,1.86203,0.9704,0.97063,0.98727,0.86991,0.45478,0.05121,0.89709,6.09111e-05,6.09111e-05,6.09111e-05
131,72542.5,1.22935,0.17431,1.84678,0.9701,0.97063,0.98784,0.87069,0.4546,0.05096,0.89711,6.03995e-05,6.03995e-05,6.03995e-05
132,73093.5,1.22314,0.17158,1.82668,0.97061,0.97011,0.98788,0.87117,0.45431,0.05064,0.89696,5.98869e-05,5.98869e-05,5.98869e-05
133,73646.5,1.24633,0.17891,1.86868,0.96986,0.96929,0.98734,0.87089,0.45421,0.05051,0.89684,5.93731e-05,5.93731e-05,5.93731e-05
134,74202.5,1.21788,0.1692,1.83931,0.9696,0.96929,0.9874,0.87093,0.45385,0.05035,0.89667,5.88584e-05,5.88584e-05,5.88584e-05
135,74756.3,1.2399,0.17883,1.85905,0.97039,0.96929,0.98742,0.87144,0.45346,0.05022,0.89609,5.83426e-05,5.83426e-05,5.83426e-05
136,75310.4,1.23545,0.17572,1.87015,0.9701,0.96929,0.98745,0.87067,0.45264,0.05,0.89526,5.78259e-05,5.78259e-05,5.78259e-05
137,75862.6,1.19308,0.1735,1.81076,0.96986,0.96929,0.98789,0.8717,0.45196,0.04979,0.89478,5.73084e-05,5.73084e-05,5.73084e-05
138,76411.7,1.19961,0.1667,1.81862,0.96907,0.96929,0.98793,0.87242,0.45132,0.04963,0.89419,5.67901e-05,5.67901e-05,5.67901e-05
139,76964.8,1.22199,0.16466,1.83972,0.96904,0.96929,0.98798,0.87224,0.45095,0.04949,0.89402,5.6271e-05,5.6271e-05,5.6271e-05
140,77514.7,1.19274,0.16762,1.81587,0.9693,0.96959,0.98804,0.87243,0.45044,0.04932,0.89372,5.57513e-05,5.57513e-05,5.57513e-05
141,78068.1,1.23392,0.17097,1.83743,0.96906,0.96929,0.98809,0.8735,0.45002,0.04924,0.89352,5.52309e-05,5.52309e-05,5.52309e-05
142,78617,1.20628,0.17058,1.8242,0.96903,0.96929,0.98808,0.87248,0.44943,0.04918,0.89328,5.47099e-05,5.47099e-05,5.47099e-05
143,79167.8,1.16335,0.16285,1.7812,0.96903,0.96929,0.98808,0.8735,0.44944,0.04902,0.89331,5.41885e-05,5.41885e-05,5.41885e-05
144,79718.4,1.17001,0.15773,1.80787,0.96902,0.96929,0.98814,0.87367,0.4493,0.04888,0.89326,5.36665e-05,5.36665e-05,5.36665e-05
145,80269.7,1.19972,0.16764,1.82538,0.96998,0.96929,0.98817,0.87326,0.44917,0.04875,0.89315,5.31442e-05,5.31442e-05,5.31442e-05
146,80821.4,1.17315,0.16405,1.79832,0.97051,0.96929,0.98814,0.87336,0.44895,0.04866,0.89318,5.26215e-05,5.26215e-05,5.26215e-05
147,81371.8,1.17651,0.15965,1.81146,0.97127,0.96929,0.98817,0.87403,0.4486,0.04866,0.89316,5.20986e-05,5.20986e-05,5.20986e-05
148,81924.3,1.18145,0.16297,1.80598,0.9719,0.96963,0.98823,0.87311,0.44857,0.04856,0.89319,5.15754e-05,5.15754e-05,5.15754e-05
149,82480.2,1.2334,0.17252,1.87846,0.97188,0.96916,0.98828,0.87365,0.44835,0.04859,0.89319,5.1052e-05,5.1052e-05,5.1052e-05
150,83029.5,1.18535,0.16336,1.81455,0.97315,0.96769,0.98833,0.87453,0.4481,0.04853,0.89321,5.05285e-05,5.05285e-05,5.05285e-05
151,83580.2,1.14173,0.15531,1.77145,0.97221,0.96796,0.98831,0.87391,0.44805,0.04843,0.8933,5.0005e-05,5.0005e-05,5.0005e-05
152,84131.6,1.17142,0.16136,1.79977,0.97184,0.96774,0.98835,0.87406,0.44787,0.04847,0.89313,4.94815e-05,4.94815e-05,4.94815e-05
153,84681.9,1.17229,0.16318,1.80474,0.97237,0.96662,0.98835,0.8731,0.44769,0.04839,0.893,4.8958e-05,4.8958e-05,4.8958e-05
154,85234.3,1.18485,0.16364,1.81668,0.97314,0.96724,0.98837,0.87395,0.44735,0.04832,0.8931,4.84346e-05,4.84346e-05,4.84346e-05
155,85790.9,1.18478,0.16095,1.82477,0.97371,0.96662,0.98839,0.87438,0.447,0.04815,0.89298,4.79114e-05,4.79114e-05,4.79114e-05
156,86342.6,1.15724,0.16294,1.78301,0.97326,0.96395,0.98836,0.8748,0.44646,0.048,0.8929,4.73885e-05,4.73885e-05,4.73885e-05
157,86900.9,1.152,0.15792,1.79268,0.97439,0.96503,0.98839,0.87523,0.44594,0.04787,0.89294,4.68658e-05,4.68658e-05,4.68658e-05
158,87456.6,1.16802,0.16331,1.81396,0.97439,0.96498,0.98845,0.87571,0.4457,0.04773,0.89295,4.63435e-05,4.63435e-05,4.63435e-05
159,88008.9,1.15696,0.15412,1.7966,0.97441,0.96608,0.98849,0.87614,0.44537,0.04758,0.89297,4.58215e-05,4.58215e-05,4.58215e-05
160,88561.7,1.15092,0.15465,1.78435,0.9744,0.96557,0.9885,0.87623,0.44514,0.04761,0.8933,4.53001e-05,4.53001e-05,4.53001e-05
161,89114.4,1.14467,0.15397,1.80058,0.97643,0.96529,0.98848,0.87725,0.4451,0.04756,0.89358,4.47791e-05,4.47791e-05,4.47791e-05
162,89664.2,1.15693,0.15616,1.7777,0.97643,0.96529,0.98852,0.87733,0.44471,0.04749,0.89347,4.42587e-05,4.42587e-05,4.42587e-05
163,90215.3,1.15738,0.15445,1.78475,0.97545,0.96662,0.98856,0.87789,0.44444,0.0474,0.89353,4.3739e-05,4.3739e-05,4.3739e-05
164,90768.9,1.15891,0.15855,1.80523,0.97677,0.96662,0.98859,0.87647,0.44422,0.04727,0.89346,4.32199e-05,4.32199e-05,4.32199e-05
165,91327.8,1.15481,0.15398,1.79684,0.97697,0.96662,0.9886,0.87747,0.4441,0.04726,0.89366,4.27016e-05,4.27016e-05,4.27016e-05
166,91881.8,1.14743,0.15639,1.79388,0.97698,0.96662,0.98923,0.87816,0.44376,0.04718,0.89372,4.21841e-05,4.21841e-05,4.21841e-05
167,92431.1,1.13588,0.15255,1.77599,0.97834,0.965,0.98926,0.87814,0.44363,0.04716,0.89368,4.16674e-05,4.16674e-05,4.16674e-05
168,92985.1,1.17193,0.15707,1.81284,0.97834,0.96468,0.98923,0.87802,0.44329,0.04712,0.8936,4.11516e-05,4.11516e-05,4.11516e-05
169,93536.7,1.15886,0.15491,1.83246,0.97833,0.96459,0.98928,0.8778,0.44314,0.04705,0.89375,4.06369e-05,4.06369e-05,4.06369e-05
170,94089.7,1.15367,0.15374,1.80766,0.97832,0.96529,0.98932,0.87801,0.44285,0.04691,0.89392,4.01231e-05,4.01231e-05,4.01231e-05
171,94644.3,1.16366,0.15719,1.7756,0.97835,0.96531,0.98938,0.87772,0.44287,0.04684,0.89415,3.96105e-05,3.96105e-05,3.96105e-05
172,95196.3,1.13483,0.15685,1.77029,0.97789,0.96529,0.98939,0.87802,0.44267,0.04679,0.89423,3.90989e-05,3.90989e-05,3.90989e-05
173,95750.6,1.11463,0.15118,1.7768,0.97827,0.96178,0.99015,0.87832,0.44255,0.04678,0.89435,3.85886e-05,3.85886e-05,3.85886e-05
174,96301.5,1.12583,0.15415,1.77111,0.97828,0.96202,0.99015,0.87794,0.44268,0.0467,0.89473,3.80795e-05,3.80795e-05,3.80795e-05
175,96857.4,1.16636,0.15837,1.81504,0.97959,0.9612,0.99114,0.87858,0.44233,0.04662,0.89477,3.75717e-05,3.75717e-05,3.75717e-05
176,97412.3,1.15679,0.15984,1.81598,0.97958,0.96072,0.99115,0.87917,0.44202,0.04658,0.89471,3.70653e-05,3.70653e-05,3.70653e-05
177,97963.5,1.14221,0.15486,1.79009,0.98021,0.95995,0.99114,0.87975,0.44184,0.04647,0.89473,3.65604e-05,3.65604e-05,3.65604e-05
178,98516.6,1.1336,0.14897,1.76881,0.98091,0.96031,0.99116,0.87976,0.44163,0.04642,0.89464,3.60568e-05,3.60568e-05,3.60568e-05
179,99069.3,1.13245,0.14836,1.78441,0.98091,0.9605,0.99121,0.8795,0.44148,0.04634,0.895,3.55549e-05,3.55549e-05,3.55549e-05
180,99621.6,1.11442,0.14873,1.76346,0.98091,0.96041,0.99121,0.87972,0.44127,0.04624,0.89487,3.50545e-05,3.50545e-05,3.50545e-05
181,100172,1.13828,0.1553,1.78846,0.98065,0.95995,0.99027,0.87952,0.44106,0.04613,0.89491,3.45557e-05,3.45557e-05,3.45557e-05
182,100724,1.13003,0.1549,1.78402,0.98091,0.96039,0.99126,0.88037,0.44078,0.04596,0.89483,3.40586e-05,3.40586e-05,3.40586e-05
183,101278,1.12639,0.14973,1.77505,0.98091,0.96049,0.99131,0.88077,0.44055,0.04578,0.8948,3.35633e-05,3.35633e-05,3.35633e-05
184,101828,1.13822,0.15135,1.7718,0.98091,0.96041,0.99136,0.87994,0.44037,0.04563,0.89464,3.30698e-05,3.30698e-05,3.30698e-05
185,102380,1.17426,0.1611,1.81155,0.98091,0.96039,0.99141,0.88091,0.43997,0.0455,0.8945,3.25781e-05,3.25781e-05,3.25781e-05
186,102934,1.1271,0.14703,1.79739,0.98091,0.96063,0.99145,0.88237,0.43974,0.04534,0.89453,3.20884e-05,3.20884e-05,3.20884e-05
187,103490,1.13422,0.14832,1.80012,0.98091,0.96063,0.99145,0.88311,0.43916,0.04526,0.89442,3.16006e-05,3.16006e-05,3.16006e-05
188,104041,1.11893,0.1471,1.77654,0.98092,0.96075,0.99151,0.88255,0.43878,0.04517,0.89432,3.11148e-05,3.11148e-05,3.11148e-05
189,104595,1.17025,0.15904,1.82541,0.98092,0.96085,0.99151,0.88305,0.43866,0.0451,0.89439,3.06312e-05,3.06312e-05,3.06312e-05
190,105145,1.10875,0.14477,1.7584,0.98092,0.96098,0.9915,0.88289,0.43828,0.04501,0.89438,3.01496e-05,3.01496e-05,3.01496e-05
191,105700,1.14321,0.14869,1.79031,0.98092,0.96121,0.99156,0.88356,0.43804,0.04482,0.89441,2.96702e-05,2.96702e-05,2.96702e-05
192,106251,1.10695,0.14796,1.76613,0.98092,0.96118,0.99159,0.88326,0.43767,0.04468,0.89413,2.9193e-05,2.9193e-05,2.9193e-05
193,106808,1.12966,0.15676,1.79856,0.9809,0.96262,0.9916,0.88316,0.43745,0.0445,0.89413,2.87182e-05,2.87182e-05,2.87182e-05
194,107363,1.11825,0.15122,1.78742,0.97962,0.96266,0.99165,0.88365,0.43705,0.0444,0.894,2.82456e-05,2.82456e-05,2.82456e-05
195,107914,1.14536,0.15343,1.79742,0.9807,0.96262,0.99172,0.88378,0.43689,0.04417,0.89419,2.77755e-05,2.77755e-05,2.77755e-05
196,108465,1.12518,0.1511,1.76468,0.9796,0.96395,0.99176,0.88448,0.43669,0.04413,0.8941,2.73077e-05,2.73077e-05,2.73077e-05
197,109019,1.14449,0.15017,1.80554,0.9793,0.96395,0.99175,0.88499,0.43632,0.04398,0.89419,2.68425e-05,2.68425e-05,2.68425e-05
198,109567,1.12159,0.1513,1.77276,0.98095,0.96238,0.99181,0.88513,0.43593,0.0439,0.89425,2.63798e-05,2.63798e-05,2.63798e-05
199,110119,1.0834,0.14771,1.75238,0.9792,0.96395,0.99182,0.88491,0.43586,0.04376,0.89432,2.59197e-05,2.59197e-05,2.59197e-05
200,110668,1.09888,0.14498,1.74547,0.97995,0.96128,0.99185,0.88535,0.43566,0.04364,0.89422,2.54623e-05,2.54623e-05,2.54623e-05
201,111220,1.13527,0.14449,1.79452,0.97931,0.96395,0.99185,0.88533,0.4354,0.04348,0.89425,2.50075e-05,2.50075e-05,2.50075e-05
202,111769,1.1163,0.1474,1.75648,0.97894,0.96395,0.99184,0.8862,0.43498,0.04336,0.89402,2.45555e-05,2.45555e-05,2.45555e-05
203,112322,1.12338,0.14953,1.78232,0.97866,0.96395,0.99185,0.88623,0.43471,0.0432,0.89377,2.41062e-05,2.41062e-05,2.41062e-05
204,112875,1.10434,0.14253,1.76765,0.97866,0.96395,0.99188,0.88652,0.43457,0.0431,0.89377,2.36598e-05,2.36598e-05,2.36598e-05
205,113427,1.12699,0.14773,1.78659,0.97881,0.96395,0.99191,0.88655,0.43446,0.043,0.89361,2.32163e-05,2.32163e-05,2.32163e-05
206,113980,1.10503,0.14503,1.76387,0.97877,0.96395,0.99194,0.88772,0.43437,0.0429,0.89369,2.27758e-05,2.27758e-05,2.27758e-05
207,114533,1.09282,0.14144,1.769,0.97892,0.96395,0.99192,0.88712,0.4339,0.04279,0.89355,2.23382e-05,2.23382e-05,2.23382e-05
208,115086,1.09651,0.14324,1.742,0.97964,0.96367,0.99195,0.88742,0.43404,0.04277,0.89364,2.19036e-05,2.19036e-05,2.19036e-05
209,115636,1.10125,0.1487,1.77312,0.98358,0.95975,0.99196,0.8877,0.43391,0.04274,0.89376,2.14722e-05,2.14722e-05,2.14722e-05
210,116190,1.08906,0.14182,1.75618,0.98342,0.95995,0.99196,0.8876,0.43371,0.04268,0.89377,2.10438e-05,2.10438e-05,2.10438e-05
211,116741,1.10893,0.14744,1.78932,0.97961,0.96216,0.99201,0.88768,0.4335,0.04263,0.89368,2.06187e-05,2.06187e-05,2.06187e-05
212,117293,1.07358,0.14502,1.73588,0.98059,0.95995,0.99205,0.88748,0.43316,0.04257,0.89351,2.01967e-05,2.01967e-05,2.01967e-05
213,117845,1.08544,0.13977,1.76361,0.98089,0.95936,0.99266,0.88822,0.43293,0.04251,0.89331,1.97781e-05,1.97781e-05,1.97781e-05
214,118397,1.07505,0.14316,1.73998,0.98097,0.95861,0.99267,0.88787,0.43266,0.04242,0.89315,1.93627e-05,1.93627e-05,1.93627e-05
215,118948,1.09519,0.14413,1.76589,0.97703,0.96554,0.99265,0.88728,0.43245,0.04237,0.8932,1.89507e-05,1.89507e-05,1.89507e-05
216,119499,1.0818,0.13859,1.73707,0.97707,0.96733,0.99268,0.88771,0.43237,0.04231,0.89307,1.85421e-05,1.85421e-05,1.85421e-05
217,120051,1.07752,0.14376,1.74768,0.97647,0.96662,0.99273,0.88768,0.43225,0.0423,0.89316,1.8137e-05,1.8137e-05,1.8137e-05
218,120602,1.07796,0.1393,1.75754,0.97964,0.96368,0.9927,0.88739,0.43209,0.04231,0.89306,1.77353e-05,1.77353e-05,1.77353e-05
219,121153,1.09529,0.14537,1.78192,0.97568,0.96796,0.99279,0.88776,0.43179,0.04228,0.89307,1.73372e-05,1.73372e-05,1.73372e-05
220,121707,1.08613,0.14038,1.77095,0.97783,0.96395,0.99279,0.88773,0.4318,0.04221,0.89311,1.69427e-05,1.69427e-05,1.69427e-05
221,122257,1.07949,0.14075,1.74556,0.97577,0.96781,0.99283,0.88737,0.43171,0.04223,0.89307,1.65518e-05,1.65518e-05,1.65518e-05
222,122808,1.12231,0.15099,1.80223,0.9719,0.96958,0.99281,0.88787,0.43164,0.04222,0.89319,1.61646e-05,1.61646e-05,1.61646e-05
223,123358,1.05897,0.14044,1.74058,0.97576,0.96737,0.99284,0.88817,0.43156,0.04216,0.89329,1.57811e-05,1.57811e-05,1.57811e-05
224,123910,1.09805,0.14607,1.76376,0.97493,0.96796,0.99284,0.88857,0.43136,0.04212,0.893,1.54013e-05,1.54013e-05,1.54013e-05
225,124470,1.08632,0.14209,1.76048,0.9748,0.96796,0.99287,0.88789,0.43125,0.04213,0.89299,1.50253e-05,1.50253e-05,1.50253e-05
226,125020,1.09547,0.1458,1.77071,0.97573,0.96598,0.99289,0.88889,0.43112,0.04209,0.89304,1.46532e-05,1.46532e-05,1.46532e-05
227,125571,1.07137,0.14315,1.75368,0.97451,0.96796,0.99294,0.88909,0.43103,0.042,0.89285,1.42849e-05,1.42849e-05,1.42849e-05
228,126126,1.0418,0.14062,1.73885,0.97447,0.96841,0.99293,0.88907,0.43082,0.042,0.89267,1.39206e-05,1.39206e-05,1.39206e-05
229,126679,1.10938,0.14542,1.77971,0.97575,0.96705,0.99292,0.88988,0.43063,0.04197,0.89248,1.35602e-05,1.35602e-05,1.35602e-05
230,127240,1.1012,0.14187,1.77789,0.97647,0.96662,0.99297,0.88997,0.43032,0.04184,0.89239,1.32038e-05,1.32038e-05,1.32038e-05
231,127791,1.08118,0.13936,1.74845,0.97708,0.96662,0.99293,0.89006,0.43052,0.04182,0.8924,1.28515e-05,1.28515e-05,1.28515e-05
232,128342,1.08208,0.14436,1.75136,0.97581,0.97063,0.993,0.89018,0.42997,0.04175,0.89216,1.25032e-05,1.25032e-05,1.25032e-05
233,128892,1.04739,0.13649,1.7164,0.97714,0.97007,0.99302,0.89034,0.42985,0.04165,0.89217,1.2159e-05,1.2159e-05,1.2159e-05
234,129444,1.06733,0.14186,1.74296,0.97714,0.97008,0.99301,0.89001,0.42978,0.04161,0.89213,1.1819e-05,1.1819e-05,1.1819e-05
235,129994,1.06013,0.13954,1.73204,0.97584,0.96929,0.993,0.89049,0.42989,0.04158,0.89222,1.14832e-05,1.14832e-05,1.14832e-05
236,130546,1.07621,0.13836,1.74292,0.97584,0.97073,0.99304,0.89002,0.42969,0.04149,0.89209,1.11516e-05,1.11516e-05,1.11516e-05
237,131095,1.07304,0.14159,1.72813,0.97583,0.97015,0.99304,0.88975,0.42961,0.04138,0.89199,1.08242e-05,1.08242e-05,1.08242e-05
238,131648,1.07271,0.14047,1.73243,0.97583,0.97019,0.99303,0.88998,0.42928,0.04129,0.89193,1.05012e-05,1.05012e-05,1.05012e-05
239,132201,1.03665,0.13123,1.72369,0.97582,0.96998,0.99304,0.88994,0.42908,0.04128,0.89189,1.01825e-05,1.01825e-05,1.01825e-05
240,132756,1.11029,0.14602,1.79163,0.97606,0.96929,0.99303,0.89026,0.42902,0.04118,0.8918,9.86814e-06,9.86814e-06,9.86814e-06
241,133305,1.08969,0.14113,1.77124,0.97554,0.96929,0.99299,0.89017,0.42892,0.04112,0.89166,9.5582e-06,9.5582e-06,9.5582e-06
242,133851,1.06825,0.14047,1.73785,0.97525,0.96929,0.99298,0.89044,0.42896,0.04105,0.89171,9.25269e-06,9.25269e-06,9.25269e-06
243,134397,1.05977,0.13756,1.72366,0.97894,0.96929,0.99299,0.89089,0.42884,0.04095,0.89185,8.95165e-06,8.95165e-06,8.95165e-06
244,134943,1.06228,0.13949,1.7482,0.9793,0.96929,0.99299,0.89151,0.4285,0.04087,0.89173,8.65511e-06,8.65511e-06,8.65511e-06
245,135489,1.07912,0.14543,1.76681,0.97974,0.96837,0.99302,0.8917,0.42842,0.0408,0.89159,8.3631e-06,8.3631e-06,8.3631e-06
246,136037,1.07009,0.14144,1.75463,0.97974,0.96853,0.993,0.89085,0.42849,0.04079,0.8916,8.07566e-06,8.07566e-06,8.07566e-06
247,136583,1.06159,0.13678,1.72652,0.97909,0.96796,0.99304,0.89123,0.42823,0.04069,0.8914,7.79283e-06,7.79283e-06,7.79283e-06
248,137125,1.0462,0.1312,1.70976,0.9795,0.96796,0.99304,0.89228,0.42815,0.04064,0.89145,7.51461e-06,7.51461e-06,7.51461e-06
249,137672,1.06325,0.13606,1.73546,0.97955,0.96796,0.99302,0.8918,0.42817,0.04054,0.89148,7.24106e-06,7.24106e-06,7.24106e-06
250,138221,1.08284,0.14359,1.76702,0.98172,0.96796,0.99303,0.89196,0.42814,0.04053,0.89123,6.9722e-06,6.9722e-06,6.9722e-06
251,138787,0.78461,0.08908,1.40611,0.98206,0.96796,0.99305,0.8917,0.42799,0.04048,0.89123,6.70806e-06,6.70806e-06,6.70806e-06
252,139322,0.76613,0.08763,1.39591,0.98247,0.96662,0.99309,0.89111,0.4281,0.04045,0.89127,6.44867e-06,6.44867e-06,6.44867e-06
253,139860,0.75958,0.08524,1.40676,0.98372,0.96782,0.9931,0.89146,0.42822,0.0404,0.89138,6.19405e-06,6.19405e-06,6.19405e-06
254,140397,0.78412,0.08862,1.40657,0.98371,0.96759,0.9931,0.89131,0.42818,0.0403,0.89131,5.94423e-06,5.94423e-06,5.94423e-06
255,140930,0.76558,0.08454,1.39533,0.98371,0.96774,0.9931,0.89193,0.42823,0.04025,0.89164,5.69925e-06,5.69925e-06,5.69925e-06
256,141468,0.77789,0.08853,1.40431,0.98352,0.96796,0.9931,0.89161,0.42805,0.04021,0.89172,5.45913e-06,5.45913e-06,5.45913e-06
257,142007,0.76653,0.08384,1.40646,0.98481,0.96796,0.99325,0.8921,0.42797,0.04007,0.89174,5.22389e-06,5.22389e-06,5.22389e-06
258,142543,0.76968,0.08556,1.41104,0.98505,0.96765,0.99326,0.89215,0.42779,0.03997,0.89174,4.99356e-06,4.99356e-06,4.99356e-06
259,143078,0.78854,0.09045,1.4353,0.98504,0.96713,0.99325,0.89219,0.42782,0.03988,0.89179,4.76817e-06,4.76817e-06,4.76817e-06
260,143614,0.76848,0.09058,1.41486,0.98505,0.96765,0.99322,0.89273,0.42785,0.03981,0.89198,4.54774e-06,4.54774e-06,4.54774e-06
261,144147,0.75811,0.08599,1.40537,0.98505,0.96783,0.99328,0.89268,0.42794,0.0397,0.89222,4.33229e-06,4.33229e-06,4.33229e-06
262,144682,0.75364,0.08638,1.37793,0.98504,0.96673,0.99328,0.89267,0.42805,0.03965,0.89229,4.12186e-06,4.12186e-06,4.12186e-06
263,145217,0.75459,0.08157,1.40253,0.98504,0.96677,0.99329,0.89186,0.4281,0.03958,0.89223,3.91645e-06,3.91645e-06,3.91645e-06
264,145753,0.76738,0.08642,1.39237,0.98583,0.96662,0.99329,0.89232,0.42817,0.03951,0.89236,3.7161e-06,3.7161e-06,3.7161e-06
265,146288,0.76185,0.08401,1.40424,0.98635,0.96482,0.99332,0.89293,0.42846,0.03955,0.89245,3.52082e-06,3.52082e-06,3.52082e-06
266,146823,0.78537,0.08848,1.42093,0.98636,0.96513,0.99331,0.89309,0.42855,0.03944,0.8925,3.33065e-06,3.33065e-06,3.33065e-06
267,147357,0.75176,0.08611,1.39702,0.98635,0.96465,0.99337,0.89331,0.42845,0.03935,0.89244,3.14559e-06,3.14559e-06,3.14559e-06
268,147891,0.7628,0.0853,1.39518,0.98635,0.96476,0.9934,0.89338,0.42849,0.03933,0.89248,2.96567e-06,2.96567e-06,2.96567e-06
269,148426,0.75664,0.0835,1.37851,0.98635,0.96487,0.99341,0.89361,0.4287,0.03929,0.8926,2.7909e-06,2.7909e-06,2.7909e-06
270,148961,0.75232,0.08561,1.39582,0.98635,0.96482,0.99339,0.89312,0.42862,0.03925,0.89267,2.62132e-06,2.62132e-06,2.62132e-06
271,149495,0.73233,0.08264,1.38351,0.98635,0.96485,0.99337,0.89407,0.42874,0.03927,0.89273,2.45693e-06,2.45693e-06,2.45693e-06
272,150029,0.76904,0.08715,1.39717,0.98635,0.96496,0.99336,0.89306,0.42865,0.03922,0.89269,2.29775e-06,2.29775e-06,2.29775e-06
273,150563,0.77419,0.08574,1.42321,0.98635,0.96476,0.99335,0.89318,0.42864,0.03922,0.89273,2.14381e-06,2.14381e-06,2.14381e-06
274,151100,0.74567,0.0813,1.38957,0.98635,0.96477,0.99334,0.89331,0.42877,0.03918,0.8929,1.99512e-06,1.99512e-06,1.99512e-06
275,151636,0.75873,0.08526,1.39752,0.98635,0.96486,0.99335,0.89304,0.42887,0.03917,0.89294,1.85169e-06,1.85169e-06,1.85169e-06
276,152170,0.74416,0.08187,1.39111,0.98635,0.96484,0.99335,0.89378,0.4289,0.03915,0.8928,1.71354e-06,1.71354e-06,1.71354e-06
277,152706,0.75093,0.08794,1.39882,0.98635,0.96474,0.99335,0.89327,0.42882,0.03914,0.89282,1.58068e-06,1.58068e-06,1.58068e-06
278,153241,0.76298,0.08342,1.38973,0.98635,0.96469,0.99339,0.89336,0.4287,0.03908,0.89283,1.45314e-06,1.45314e-06,1.45314e-06
279,153776,0.74877,0.08663,1.39181,0.98635,0.96446,0.99336,0.89306,0.42882,0.03907,0.89287,1.33092e-06,1.33092e-06,1.33092e-06
280,154313,0.75419,0.08448,1.40142,0.98634,0.96432,0.99337,0.89304,0.42876,0.03906,0.8929,1.21404e-06,1.21404e-06,1.21404e-06
281,154846,0.76643,0.08636,1.38764,0.98634,0.96433,0.99336,0.89386,0.42871,0.03902,0.89281,1.10251e-06,1.10251e-06,1.10251e-06
282,155379,0.7476,0.08623,1.37843,0.98499,0.96396,0.99332,0.89336,0.42862,0.03895,0.89268,9.96343e-07,9.96343e-07,9.96343e-07
283,155914,0.75107,0.0855,1.39616,0.98769,0.96381,0.99334,0.8935,0.42868,0.03892,0.89281,8.95549e-07,8.95549e-07,8.95549e-07
284,156450,0.75269,0.08294,1.40045,0.98904,0.96372,0.99276,0.89361,0.42852,0.03891,0.89278,8.00141e-07,8.00141e-07,8.00141e-07
285,156984,0.75449,0.0828,1.39693,0.98768,0.96359,0.99273,0.89362,0.42869,0.03892,0.89283,7.10128e-07,7.10128e-07,7.10128e-07
286,157520,0.75747,0.08472,1.4039,0.98768,0.96303,0.99273,0.89373,0.42849,0.03883,0.89285,6.25521e-07,6.25521e-07,6.25521e-07
287,158055,0.7426,0.08348,1.38024,0.98768,0.96301,0.99276,0.89372,0.42844,0.03882,0.89284,5.4633e-07,5.4633e-07,5.4633e-07
288,158593,0.7529,0.07956,1.39077,0.98768,0.96301,0.99178,0.89373,0.42844,0.03878,0.89284,4.72562e-07,4.72562e-07,4.72562e-07
289,159138,0.73654,0.08164,1.39301,0.98764,0.96395,0.99178,0.89333,0.42815,0.03878,0.89274,4.04226e-07,4.04226e-07,4.04226e-07
290,159683,0.75613,0.08612,1.40066,0.98769,0.9639,0.9918,0.89312,0.42843,0.0388,0.89293,3.41329e-07,3.41329e-07,3.41329e-07
291,160225,0.75816,0.08452,1.3976,0.98769,0.96376,0.9918,0.89404,0.42834,0.0388,0.89306,2.83878e-07,2.83878e-07,2.83878e-07
292,160769,0.76631,0.08585,1.40263,0.98768,0.96356,0.99182,0.89325,0.42806,0.03876,0.89279,2.3188e-07,2.3188e-07,2.3188e-07
293,161313,0.75565,0.08338,1.40451,0.98768,0.96354,0.99184,0.89361,0.42795,0.03881,0.89293,1.8534e-07,1.8534e-07,1.8534e-07
294,161859,0.76612,0.08616,1.40722,0.98768,0.96321,0.99185,0.89382,0.42774,0.03878,0.89296,1.44263e-07,1.44263e-07,1.44263e-07
295,162405,0.75036,0.08461,1.39171,0.98768,0.96318,0.99185,0.894,0.42801,0.03881,0.89313,1.08654e-07,1.08654e-07,1.08654e-07
296,162947,0.76896,0.08694,1.39716,0.98768,0.96316,0.99185,0.89407,0.42806,0.0388,0.89317,7.85164e-08,7.85164e-08,7.85164e-08
297,163491,0.75517,0.08331,1.3916,0.98768,0.9632,0.99184,0.89407,0.42802,0.03878,0.89327,5.38541e-08,5.38541e-08,5.38541e-08
298,164033,0.75493,0.08387,1.40643,0.98719,0.96262,0.99184,0.89372,0.42801,0.0388,0.89336,3.46695e-08,3.46695e-08,3.46695e-08
299,164575,0.76196,0.08427,1.41048,0.98709,0.96262,0.99186,0.89447,0.42766,0.03878,0.89314,2.09647e-08,2.09647e-08,2.09647e-08
300,165118,0.76651,0.0846,1.40823,0.98854,0.96262,0.99187,0.89429,0.42753,0.03877,0.89312,1.27413e-08,1.27413e-08,1.27413e-08
